State ID,State Name,District ID,District Name,ST,SC,General,District,ST %,SC %,General %
0,India,5000,India,104545716,201378372,904930889,1210854977,8.63,16.63,74.73
0,India,5001,Jammu & Kashmir,1493299,924991,10123012,12541302,11.91,7.38,80.72
0,India,5002,Himachal Pradesh,392126,1729252,4743224,6864602,5.71,25.19,69.1
0,India,5003,Punjab,0,8860179,18883159,27743338,0,31.94,68.06
0,India,5004,Chandigarh,0,199086,856364,1055450,0,18.86,81.14
0,India,5005,Uttarakhand,291903,1892516,7901873,10086292,2.89,18.76,78.34
0,India,5006,Haryana,0,5113615,20237847,25351462,0,20.17,79.83
0,India,5007,Nct Of Delhi,0,2812309,13975632,16787941,0,16.75,83.25
0,India,5008,Rajasthan,9238534,12221593,47088310,68548437,13.48,17.83,68.69
0,India,5009,Uttar Pradesh,1134273,41357608,157320460,199812341,0.57,20.7,78.73
0,India,5010,Bihar,1336573,16567325,86195554,104099452,1.28,15.91,82.8
0,India,5011,Sikkim,206360,28275,375942,610577,33.8,4.63,61.57
0,India,5012,Arunachal Pradesh,951821,0,431906,1383727,68.79,0,31.21
0,India,5013,Nagaland,1710973,0,267529,1978502,86.48,0,13.52
0,India,5014,Manipur,1167422,97328,1591044,2855794,40.88,3.41,55.71
0,India,5015,Mizoram,1036115,1218,59873,1097206,94.43,0.11,5.46
0,India,5016,Tripura,1166813,654918,1852186,3673917,31.76,17.83,50.41
0,India,5017,Meghalaya,2555861,17355,393673,2966889,86.15,0.58,13.27
0,India,5018,Assam,3884371,2231321,25089884,31205576,12.45,7.15,80.4
0,India,5019,West Bengal,5296953,21463270,64515892,91276115,5.8,23.51,70.68
0,India,5020,Jharkhand,8645042,3985644,20357448,32988134,26.21,12.08,61.71
0,India,5021,Odisha,9590756,7188463,25194999,41974218,22.85,17.13,60.02
0,India,5022,Chhattisgarh,7822902,3274269,14448027,25545198,30.62,12.82,56.56
0,India,5023,Madhya Pradesh,15316784,11342320,45967705,72626809,21.09,15.62,63.29
0,India,5024,Gujarat,8917174,4074447,47448071,60439692,14.75,6.74,78.5
0,India,5025,Daman & Diu,15363,6124,221760,243247,6.32,2.52,91.17
0,India,5026,Dadra & Nagar Haveli,178564,6186,158959,343709,51.95,1.8,46.25
0,India,5027,Maharashtra,10510213,13275898,88588222,112374333,9.35,11.81,78.83
0,India,5028,Andhra Pradesh,5918073,13878078,64784626,84580777,7,16.41,76.59
0,India,5029,Karnataka,4248987,10474992,46371318,61095297,6.95,17.15,75.9
0,India,5030,Goa,149275,25449,1283821,1458545,10.23,1.74,88.02
0,India,5031,Lakshadweep,61120,0,3353,64473,94.8,0,5.2
0,India,5032,Kerala,484839,3039573,29881649,33406061,1.45,9.1,89.45
0,India,5033,Tamil Nadu,794697,14438445,56913888,72147030,1.1,20.01,78.89
0,India,5034,Puducherry,0,196325,1051628,1247953,0,15.73,84.27
0,India,5035,Andaman & Nicobar Islands,28530,0,352051,380581,7.5,0,92.5
1,Jammu & Kashmir,1,Kupwara,70352,1048,798954,870354,8.08,0.12,91.8
1,Jammu & Kashmir,2,Badgam,23912,368,729465,753745,3.17,0.05,96.78
1,Jammu & Kashmir,3,Leh(Ladakh),95857,488,37142,133487,71.81,0.37,27.82
1,Jammu & Kashmir,4,Kargil,122336,18,18448,140802,86.89,0.01,13.1
1,Jammu & Kashmir,5,Punch,176101,556,300178,476835,36.93,0.12,62.95
1,Jammu & Kashmir,6,Rajouri,232815,48157,361443,642415,36.24,7.5,56.26
1,Jammu & Kashmir,7,Kathua,53307,141224,421904,616435,8.65,22.91,68.44
1,Jammu & Kashmir,8,Baramula,37705,1476,968858,1008039,3.74,0.15,96.11
1,Jammu & Kashmir,9,Bandipore,75374,392,316466,392232,19.22,0.1,80.68
1,Jammu & Kashmir,10,Srinagar,8935,1068,1226826,1236829,0.72,0.09,99.19
1,Jammu & Kashmir,11,Ganderbal,61070,117,236259,297446,20.53,0.04,79.43
1,Jammu & Kashmir,12,Pulwama,22607,402,537431,560440,4.03,0.07,95.89
1,Jammu & Kashmir,13,Shupiyan,21820,43,244352,266215,8.2,0.02,91.79
1,Jammu & Kashmir,14,Anantnag,116006,1826,960860,1078692,10.75,0.17,89.08
1,Jammu & Kashmir,15,Kulgam,26525,21,397937,424483,6.25,0,93.75
1,Jammu & Kashmir,16,Doda,39216,53408,317312,409936,9.57,13.03,77.41
1,Jammu & Kashmir,17,Ramban,39772,13920,230021,283713,14.02,4.91,81.08
1,Jammu & Kashmir,18,Kishtwar,38149,14307,178240,230696,16.54,6.2,77.26
1,Jammu & Kashmir,19,Udhampur,56309,138569,360107,554985,10.15,24.97,64.89
1,Jammu & Kashmir,20,Reasi,88365,37757,188545,314667,28.08,12,59.92
1,Jammu & Kashmir,21,Jammu,69193,377991,1082774,1529958,4.52,24.71,70.77
1,Jammu & Kashmir,22,Samba,17573,91835,209490,318898,5.51,28.8,65.69
2,Himachal Pradesh,23,Chamba,135500,111690,271890,519080,26.1,21.52,52.38
2,Himachal Pradesh,24,Kangra,84564,319385,1106126,1510075,5.6,21.15,73.25
2,Himachal Pradesh,25,Lahul & Spiti,25707,2235,3622,31564,81.44,7.08,11.48
2,Himachal Pradesh,26,Kullu,16822,122659,298422,437903,3.84,28.01,68.15
2,Himachal Pradesh,27,Mandi,12787,293739,693251,999777,1.28,29.38,69.34
2,Himachal Pradesh,28,Hamirpur,3044,109256,342468,454768,0.67,24.02,75.31
2,Himachal Pradesh,29,Una,8601,115491,397081,521173,1.65,22.16,76.19
2,Himachal Pradesh,30,Bilaspur,10693,98989,272274,381956,2.8,25.92,71.28
2,Himachal Pradesh,31,Solan,25645,164536,390139,580320,4.42,28.35,67.23
2,Himachal Pradesh,32,Sirmaur,11262,160745,357848,529855,2.13,30.34,67.54
2,Himachal Pradesh,33,Shimla,8755,215777,589478,814010,1.08,26.51,72.42
2,Himachal Pradesh,34,Kinnaur,48746,14750,20625,84121,57.95,17.53,24.52
3,Punjab,35,Gurdaspur,0,580576,1717747,2298323,0,25.26,74.74
3,Punjab,36,Kapurthala ,0,276707,538461,815168,0,33.94,66.06
3,Punjab,37,Jalandhar,0,854444,1339146,2193590,0,38.95,61.05
3,Punjab,38,Hoshiarpur,0,557504,1029121,1586625,0,35.14,64.86
3,Punjab,39,Shahid Bhagat Singh Nagar ,0,260284,352026,612310,0,42.51,57.49
3,Punjab,40,Fatehgarh Sahib,0,192493,407670,600163,0,32.07,67.93
3,Punjab,41,Ludhiana,0,923358,2575381,3498739,0,26.39,73.61
3,Punjab,42,Moga,0,363417,632329,995746,0,36.5,63.5
3,Punjab,43,Firozpur,0,855726,1173348,2029074,0,42.17,57.83
3,Punjab,44,Muktsar,0,381554,520342,901896,0,42.31,57.69
3,Punjab,45,Faridkot,0,240328,377180,617508,0,38.92,61.08
3,Punjab,46,Bathinda,0,450473,938052,1388525,0,32.44,67.56
3,Punjab,47,Mansa,0,258878,510873,769751,0,33.63,66.37
3,Punjab,48,Patiala,0,465359,1430327,1895686,0,24.55,75.45
3,Punjab,49,Amritsar ,0,770864,1719792,2490656,0,30.95,69.05
3,Punjab,50,Tarn Taran,0,377468,742159,1119627,0,33.71,66.29
3,Punjab,51,Rupnagar,0,180905,503722,684627,0,26.42,73.58
3,Punjab,52,Sahibzada Ajit Singh Nagar,0,216231,778397,994628,0,21.74,78.26
3,Punjab,53,Sangrur,0,461609,1193560,1655169,0,27.89,72.11
3,Punjab,54,Barnala,0,192001,403526,595527,0,32.24,67.76
4,Chandigarh,55,Chandigarh,0,199086,856364,1055450,0,18.86,81.14
5,Uttarakhand,56,Uttarkashi,3512,80567,246007,330086,1.06,24.41,74.53
5,Uttarakhand,57,Chamoli,12260,79317,300028,391605,3.13,20.25,76.61
5,Uttarakhand,58,Rudraprayag,386,47679,194220,242285,0.16,19.68,80.16
5,Uttarakhand,59,Tehri Garhwal,875,102130,515926,618931,0.14,16.5,83.36
5,Uttarakhand,60,Dehradun,111663,228901,1356130,1696694,6.58,13.49,79.93
5,Uttarakhand,61,Garhwal,2215,122361,562695,687271,0.32,17.8,81.87
5,Uttarakhand,62,Pithoragarh,19535,120378,343526,483439,4.04,24.9,71.06
5,Uttarakhand,63,Bageshwar,1982,72061,185855,259898,0.76,27.73,71.51
5,Uttarakhand,64,Almora,1281,150995,470230,622506,0.21,24.26,75.54
5,Uttarakhand,65,Champawat,1339,47383,210926,259648,0.52,18.25,81.24
5,Uttarakhand,66,Nainital,7495,191206,755904,954605,0.79,20.03,79.19
5,Uttarakhand,67,Udham Singh Nagar,123037,238264,1287601,1648902,7.46,14.45,78.09
5,Uttarakhand,68,Hardwar,6323,411274,1472825,1890422,0.33,21.76,77.91
6,Haryana,69,Panchkula,0,101830,459463,561293,0,18.14,81.86
6,Haryana,70,Ambala,0,296246,832104,1128350,0,26.25,73.75
6,Haryana,71,Yamunanagar,0,306743,907462,1214205,0,25.26,74.74
6,Haryana,72,Kurukshetra,0,215128,749527,964655,0,22.3,77.7
6,Haryana,73,Kaithal,0,247513,826791,1074304,0,23.04,76.96
6,Haryana,74,Karnal,0,339604,1165720,1505324,0,22.56,77.44
6,Haryana,75,Panipat,0,206213,999224,1205437,0,17.11,82.89
6,Haryana,76,Sonipat,0,269935,1180066,1450001,0,18.62,81.38
6,Haryana,77,Jind,0,282351,1051801,1334152,0,21.16,78.84
6,Haryana,78,Fatehabad,0,284357,657654,942011,0,30.19,69.81
6,Haryana,79,Sirsa,0,387381,907808,1295189,0,29.91,70.09
6,Haryana,80,Hisar,0,408785,1335146,1743931,0,23.44,76.56
6,Haryana,81,Bhiwani,0,341162,1293283,1634445,0,20.87,79.13
6,Haryana,82,Rohtak,0,216889,844315,1061204,0,20.44,79.56
6,Haryana,83,Jhajjar,0,170448,787957,958405,0,17.78,82.22
6,Haryana,84,Mahendragarh,0,156314,765774,922088,0,16.95,83.05
6,Haryana,85,Rewari,0,182606,717726,900332,0,20.28,79.72
6,Haryana,86,Gurgaon,0,197937,1316495,1514432,0,13.07,86.93
6,Haryana,87,Mewat ,0,75251,1014012,1089263,0,6.91,93.09
6,Haryana,88,Faridabad,0,223799,1585934,1809733,0,12.37,87.63
6,Haryana,89,Palwal ,0,203123,839585,1042708,0,19.48,80.52
7,Delhi,90,North West,0,697237,2959302,3656539,0,19.07,80.93
7,Delhi,91,North,0,165663,722315,887978,0,18.66,81.34
7,Delhi,92,North East,0,373758,1867866,2241624,0,16.67,83.33
7,Delhi,93,East,0,281422,1427924,1709346,0,16.46,83.54
7,Delhi,94,New Delhi,0,33245,108759,142004,0,23.41,76.59
7,Delhi,95,Central,0,143178,439142,582320,0,24.59,75.41
7,Delhi,96,West,0,376472,2166771,2543243,0,14.8,85.2
7,Delhi,97,South West,0,318408,1974550,2292958,0,13.89,86.11
7,Delhi,98,South,0,422926,2309003,2731929,0,15.48,84.52
8,Rajasthan,99,Ganganagar ,13477,720412,1235279,1969168,0.68,36.58,62.73
8,Rajasthan,100,Hanumangarh,14289,494189,1266214,1774692,0.81,27.85,71.35
8,Rajasthan,101,Bikaner,7779,493646,1862512,2363937,0.33,20.88,78.79
8,Rajasthan,102,Churu,11245,451721,1576581,2039547,0.55,22.15,77.3
8,Rajasthan,103,Jhunjhunun,41629,360709,1734707,2137045,1.95,16.88,81.17
8,Rajasthan,104,Alwar,289249,653036,2731894,3674179,7.87,17.77,74.35
8,Rajasthan,105,Bharatpur,54090,557305,1937067,2548462,2.12,21.87,76.01
8,Rajasthan,106,Dhaulpur,58594,245695,902227,1206516,4.86,20.36,74.78
8,Rajasthan,107,Karauli,324960,354465,778823,1458248,22.28,24.31,53.41
8,Rajasthan,108,Sawai Madhopur,285848,278789,770914,1335551,21.4,20.87,57.72
8,Rajasthan,109,Dausa,433344,354337,846728,1634409,26.51,21.68,51.81
8,Rajasthan,110,Jaipur,527966,1003302,5094910,6626178,7.97,15.14,76.89
8,Rajasthan,111,Sikar,75349,418806,2183178,2677333,2.81,15.64,81.54
8,Rajasthan,112,Nagaur,10418,699911,2597414,3307743,0.31,21.16,78.53
8,Rajasthan,113,Jodhpur,118924,608024,2960217,3687165,3.23,16.49,80.28
8,Rajasthan,114,Jaisalmer,42429,99134,528356,669919,6.33,14.8,78.87
8,Rajasthan,115,Barmer,176257,436414,1991080,2603751,6.77,16.76,76.47
8,Rajasthan,116,Jalor,178719,357196,1292815,1828730,9.77,19.53,70.69
8,Rajasthan,117,Sirohi,292470,201863,542013,1036346,28.22,19.48,52.3
8,Rajasthan,118,Pali,144578,398096,1494899,2037573,7.1,19.54,73.37
8,Rajasthan,119,Ajmer,63482,478027,2041543,2583052,2.46,18.51,79.04
8,Rajasthan,120,Tonk,178207,287903,955216,1421326,12.54,20.26,67.21
8,Rajasthan,121,Bundi,228549,210788,671569,1110906,20.57,18.97,60.45
8,Rajasthan,122,Bhilwara,229273,407947,1771303,2408523,9.52,16.94,73.54
8,Rajasthan,123,Rajsamand,160809,148168,847620,1156597,13.9,12.81,73.29
8,Rajasthan,124,Dungarpur,983437,52267,352848,1388552,70.82,3.76,25.41
8,Rajasthan,125,Banswara,1372999,80091,344395,1797485,76.38,4.46,19.16
8,Rajasthan,126,Chittaurgarh,201546,250224,1092568,1544338,13.05,16.2,70.75
8,Rajasthan,127,Kota,183816,405408,1361790,1951014,9.42,20.78,69.8
8,Rajasthan,128,Baran,276857,221184,724714,1222755,22.64,18.09,59.27
8,Rajasthan,129,Jhalawar,182229,243582,985318,1411129,12.91,17.26,69.82
8,Rajasthan,130,Udaipur,1525289,188525,1354606,3068420,49.71,6.14,44.15
8,Rajasthan,131,Pratapgarh,550427,60429,256992,867848,63.42,6.96,29.61
9,Uttar Pradesh,132,Saharanpur,980,764450,2700952,3466382,0.03,22.05,77.92
9,Uttar Pradesh,133,Muzaffarnagar,317,561250,3581945,4143512,0.01,13.55,86.45
9,Uttar Pradesh,134,Bijnor,3058,787444,2892211,3682713,0.08,21.38,78.53
9,Uttar Pradesh,135,Moradabad,685,731406,4039915,4772006,0.01,15.33,84.66
9,Uttar Pradesh,136,Rampur,358,307936,2027525,2335819,0.02,13.18,86.8
9,Uttar Pradesh,137,Jyotiba Phule Nagar,164,318001,1522056,1840221,0.01,17.28,82.71
9,Uttar Pradesh,138,Meerut,3390,624149,2816150,3443689,0.1,18.12,81.78
9,Uttar Pradesh,139,Baghpat,14,149060,1153974,1303048,0,11.44,88.56
9,Uttar Pradesh,140,Ghaziabad,3968,773463,3904214,4681645,0.08,16.52,83.39
9,Uttar Pradesh,141,Gautam Buddha Nagar,2215,216105,1429795,1648115,0.13,13.11,86.75
9,Uttar Pradesh,142,Bulandshahr ,198,725600,2773373,3499171,0.01,20.74,79.26
9,Uttar Pradesh,143,Aligarh,629,755254,2918006,3673889,0.02,20.56,79.43
9,Uttar Pradesh,144,Mahamaya Nagar,268,387554,1176886,1564708,0.02,24.77,75.21
9,Uttar Pradesh,145,Mathura,1520,506580,2039084,2547184,0.06,19.89,80.05
9,Uttar Pradesh,146,Agra,7255,991325,3420217,4418797,0.16,22.43,77.4
9,Uttar Pradesh,147,Firozabad,2565,473890,2021701,2498156,0.1,18.97,80.93
9,Uttar Pradesh,148,Mainpuri,478,368206,1499845,1868529,0.03,19.71,80.27
9,Uttar Pradesh,149,Budaun,58,622526,3059312,3681896,0,16.91,83.09
9,Uttar Pradesh,150,Bareilly,3227,557150,3887982,4448359,0.07,12.52,87.4
9,Uttar Pradesh,151,Pilibhit,1714,333558,1695735,2031007,0.08,16.42,83.49
9,Uttar Pradesh,152,Shahjahanpur,508,532673,2473357,3006538,0.02,17.72,82.27
9,Uttar Pradesh,153,Kheri,53375,1061782,2906086,4021243,1.33,26.4,72.27
9,Uttar Pradesh,154,Sitapur,1602,1446427,3035963,4483992,0.04,32.26,67.71
9,Uttar Pradesh,155,Hardoi,349,1274505,2817991,4092845,0.01,31.14,68.85
9,Uttar Pradesh,156,Unnao,2926,948588,2156853,3108367,0.09,30.52,69.39
9,Uttar Pradesh,157,Lucknow,7506,948294,3634038,4589838,0.16,20.66,79.18
9,Uttar Pradesh,158,Rae Bareli,1756,1030367,2373436,3405559,0.05,30.26,69.69
9,Uttar Pradesh,159,Farrukhabad,230,312712,1572262,1885204,0.01,16.59,83.4
9,Uttar Pradesh,160,Kannauj,15,309980,1346621,1656616,0,18.71,81.29
9,Uttar Pradesh,161,Etawah,169,388283,1193358,1581810,0.01,24.55,75.44
9,Uttar Pradesh,162,Auraiya,150,391622,987773,1379545,0.01,28.39,71.6
9,Uttar Pradesh,163,Kanpur Dehat,801,460544,1334839,1796184,0.04,25.64,74.32
9,Uttar Pradesh,164,Kanpur Nagar,3753,816754,3760761,4581268,0.08,17.83,82.09
9,Uttar Pradesh,165,Jalaun ,832,468178,1220964,1689974,0.05,27.7,72.25
9,Uttar Pradesh,166,Jhansi,3873,562505,1432225,1998603,0.19,28.14,71.66
9,Uttar Pradesh,167,Lalitpur,71610,240519,909463,1221592,5.86,19.69,74.45
9,Uttar Pradesh,168,Hamirpur,474,241198,862613,1104285,0.04,21.84,78.12
9,Uttar Pradesh,169,Mahoba,647,220898,654413,875958,0.07,25.22,74.71
9,Uttar Pradesh,170,Banda,163,387855,1411392,1799410,0.01,21.55,78.44
9,Uttar Pradesh,171,Chitrakoot,366,266655,724709,991730,0.04,26.89,73.08
9,Uttar Pradesh,172,Fatehpur,340,651480,1980913,2632733,0.01,24.75,75.24
9,Uttar Pradesh,173,Pratapgarh,723,709252,2499166,3209141,0.02,22.1,77.88
9,Uttar Pradesh,174,Kaushambi,193,555397,1044006,1599596,0.01,34.72,65.27
9,Uttar Pradesh,175,Allahabad ,7955,1309851,4636585,5954391,0.13,22,77.87
9,Uttar Pradesh,176,Bara Banki,610,864559,2395530,3260699,0.02,26.51,73.47
9,Uttar Pradesh,177,Faizabad,931,555047,1915018,2470996,0.04,22.46,77.5
9,Uttar Pradesh,178,Ambedkar Nagar,746,591125,1806017,2397888,0.03,24.65,75.32
9,Uttar Pradesh,179,Sultanpur,696,851587,2944834,3797117,0.02,22.43,77.55
9,Uttar Pradesh,180,Bahraich,11159,509307,2967265,3487731,0.32,14.6,85.08
9,Uttar Pradesh,181,Shrawasti,5534,189334,922493,1117361,0.5,16.94,82.56
9,Uttar Pradesh,182,Balrampur,24887,277212,1846566,2148665,1.16,12.9,85.94
9,Uttar Pradesh,183,Gonda,870,531973,2901076,3433919,0.03,15.49,84.48
9,Uttar Pradesh,184,Siddharthnagar,12021,408763,2138513,2559297,0.47,15.97,83.56
9,Uttar Pradesh,185,Basti,3620,513959,1946885,2464464,0.15,20.85,79
9,Uttar Pradesh,186,Sant Kabir Nagar,1593,369039,1344551,1715183,0.09,21.52,78.39
9,Uttar Pradesh,187,Mahrajganj,16435,492976,2175292,2684703,0.61,18.36,81.03
9,Uttar Pradesh,188,Gorakhpur,18172,936061,3486662,4440895,0.41,21.08,78.51
9,Uttar Pradesh,189,Kushinagar,80269,544231,2940044,3564544,2.25,15.27,82.48
9,Uttar Pradesh,190,Deoria,109894,468663,2522389,3100946,3.54,15.11,81.34
9,Uttar Pradesh,191,Azamgarh,9327,1171378,3433208,4613913,0.2,25.39,74.41
9,Uttar Pradesh,192,Mau,22915,474537,1708516,2205968,1.04,21.51,77.45
9,Uttar Pradesh,193,Ballia,110114,494698,2634962,3239774,3.4,15.27,81.33
9,Uttar Pradesh,194,Jaunpur,4736,990345,3499123,4494204,0.11,22.04,77.86
9,Uttar Pradesh,195,Ghazipur,28712,726641,2864915,3620268,0.79,20.07,79.14
9,Uttar Pradesh,196,Chandauli,41725,446786,1464245,1952756,2.14,22.88,74.98
9,Uttar Pradesh,197,Varanasi,28617,486958,3161266,3676841,0.78,13.24,85.98
9,Uttar Pradesh,198,Sant Ravidas Nagar (Bhadohi),1873,353103,1223237,1578213,0.12,22.37,77.51
9,Uttar Pradesh,199,Mirzapur,20132,661129,1815709,2496970,0.81,26.48,72.72
9,Uttar Pradesh,200,Sonbhadra,385018,421661,1055880,1862559,20.67,22.64,56.69
9,Uttar Pradesh,201,Etah,140,281011,1493329,1774480,0.01,15.84,84.16
9,Uttar Pradesh,202,Kanshiram Nagar,150,254299,1182270,1436719,0.01,17.7,82.29
10,Bihar,203,Pashchim Champaran,250046,553944,3131052,3935042,6.35,14.08,79.57
10,Bihar,204,Purba Champaran,12461,649726,4437184,5099371,0.24,12.74,87.01
10,Bihar,205,Sheohar,318,96655,559273,656246,0.05,14.73,85.22
10,Bihar,206,Sitamarhi,2989,405714,3014871,3423574,0.09,11.85,88.06
10,Bihar,207,Madhubani,3990,587158,3896231,4487379,0.09,13.08,86.83
10,Bihar,208,Supaul,10168,354249,1864659,2229076,0.46,15.89,83.65
10,Bihar,209,Araria,38848,382654,2390067,2811569,1.38,13.61,85.01
10,Bihar,210,Kishanganj,64224,113118,1513058,1690400,3.8,6.69,89.51
10,Bihar,211,Purnia,139490,390991,2734138,3264619,4.27,11.98,83.75
10,Bihar,212,Katihar,179971,263100,2627958,3071029,5.86,8.57,85.57
10,Bihar,213,Madhepura,12532,346275,1642955,2001762,0.63,17.3,82.08
10,Bihar,214,Saharsa,6009,317249,1577403,1900661,0.32,16.69,82.99
10,Bihar,215,Darbhanga,2772,615688,3318925,3937385,0.07,15.64,84.29
10,Bihar,216,Muzaffarpur,5979,751975,4043108,4801062,0.12,15.66,84.21
10,Bihar,217,Gopalganj,60807,320064,2181141,2562012,2.37,12.49,85.13
10,Bihar,218,Siwan,87000,386685,2856779,3330464,2.61,11.61,85.78
10,Bihar,219,Saran,36786,474066,3441010,3951862,0.93,12,87.07
10,Bihar,220,Vaishali,2274,738031,2754716,3495021,0.07,21.12,78.82
10,Bihar,221,Samastipur,1884,803128,3456554,4261566,0.04,18.85,81.11
10,Bihar,222,Begusarai,1597,432270,2536674,2970541,0.05,14.55,85.39
10,Bihar,223,Khagaria,675,247161,1419050,1666886,0.04,14.83,85.13
10,Bihar,224,Bhagalpur,67180,318569,2652017,3037766,2.21,10.49,87.3
10,Bihar,225,Banka,90432,247858,1696473,2034763,4.44,12.18,83.37
10,Bihar,226,Munger,21404,183846,1162515,1367765,1.56,13.44,84.99
10,Bihar,227,Lakhisarai,8333,153209,839370,1000912,0.83,15.31,83.86
10,Bihar,228,Sheikhpura,617,131115,504610,636342,0.1,20.6,79.3
10,Bihar,229,Nalanda,1442,607672,2268539,2877653,0.05,21.12,78.83
10,Bihar,230,Patna,9069,920918,4908478,5838465,0.16,15.77,84.07
10,Bihar,231,Bhojpur,13977,425402,2289028,2728407,0.51,15.59,83.9
10,Bihar,232,Buxar,26824,251737,1427791,1706352,1.57,14.75,83.68
10,Bihar,233,Kaimur (Bhabua),57981,369088,1199315,1626384,3.57,22.69,73.74
10,Bihar,234,Rohtas,31650,549546,2378722,2959918,1.07,18.57,80.36
10,Bihar,235,Aurangabad,1033,612064,1926976,2540073,0.04,24.1,75.86
10,Bihar,236,Gaya,3098,1334351,3053969,4391418,0.07,30.39,69.54
10,Bihar,237,Nawada,2045,565112,1651989,2219146,0.09,25.47,74.44
10,Bihar,238,Jamui,78793,302649,1378963,1760405,4.48,17.19,78.33
10,Bihar,239,Jehanabad ,1285,222974,901054,1125313,0.11,19.81,80.07
10,Bihar,240,Arwal,590,141314,558939,700843,0.08,20.16,79.75
11,Sikkim,241,North  District,28715,982,14012,43709,65.7,2.25,32.06
11,Sikkim,242,West District,57817,5935,72683,136435,42.38,4.35,53.27
11,Sikkim,243,South District,41392,6053,99405,146850,28.19,4.12,67.69
11,Sikkim,244,East District,78436,15305,189842,283583,27.66,5.4,66.94
12,Arunachal Pradesh,245,Tawang,34811,0,15166,49977,69.65,0,30.35
12,Arunachal Pradesh,246,West Kameng,46380,0,37567,83947,55.25,0,44.75
12,Arunachal Pradesh,247,East Kameng,72400,0,6290,78690,92.01,0,7.99
12,Arunachal Pradesh,248,Papum Pare,117216,0,59357,176573,66.38,0,33.62
12,Arunachal Pradesh,249,Upper Subansiri,78323,0,5125,83448,93.86,0,6.14
12,Arunachal Pradesh,250,West Siang,92783,0,19491,112274,82.64,0,17.36
12,Arunachal Pradesh,251,East Siang,69979,0,29235,99214,70.53,0,29.47
12,Arunachal Pradesh,252,Upper Siang,28468,0,6852,35320,80.6,0,19.4
12,Arunachal Pradesh,253,Changlang,53878,0,94348,148226,36.35,0,63.65
12,Arunachal Pradesh,254,Tirap,98372,0,13603,111975,87.85,0,12.15
12,Arunachal Pradesh,255,Lower Subansiri,72911,0,10119,83030,87.81,0,12.19
12,Arunachal Pradesh,256,Kurung Kumey,90764,0,1312,92076,98.58,0,1.42
12,Arunachal Pradesh,257,Dibang Valley,5701,0,2303,8004,71.23,0,28.77
12,Arunachal Pradesh,258,Lower Dibang Valley,25974,0,28106,54080,48.03,0,51.97
12,Arunachal Pradesh,259,Lohit,47410,0,98316,145726,32.53,0,67.47
12,Arunachal Pradesh,260,Anjaw,16451,0,4716,21167,77.72,0,22.28
13,Nagaland,261,Mon,238285,0,11975,250260,95.21,0,4.79
13,Nagaland,262,Mokokchung,178431,0,16191,194622,91.68,0,8.32
13,Nagaland,263,Zunheboto,136561,0,4196,140757,97.02,0,2.98
13,Nagaland,264,Wokha,156621,0,9722,166343,94.16,0,5.84
13,Nagaland,265,Dimapur ,223989,0,154822,378811,59.13,0,40.87
13,Nagaland,266,Phek,157146,0,6272,163418,96.16,0,3.84
13,Nagaland,267,Tuensang,190916,0,5680,196596,97.11,0,2.89
13,Nagaland,268,Longleng,48615,0,1869,50484,96.3,0,3.7
13,Nagaland,269,Kiphire,71429,0,2575,74004,96.52,0,3.48
13,Nagaland,270,Kohima,224738,0,43250,267988,83.86,0,16.14
13,Nagaland,271,Peren,84242,0,10977,95219,88.47,0,11.53
14,Manipur,272,Senapati,419210,1000,58938,479148,87.49,0.21,12.3
14,Manipur,273,Tamenglong ,134626,22,6003,140651,95.72,0.02,4.27
14,Manipur,274,Churachandpur,254787,443,18913,274143,92.94,0.16,6.9
14,Manipur,275,Bishnupur,3287,22113,211999,237399,1.38,9.31,89.3
14,Manipur,276,Thoubal,1808,40593,379767,422168,0.43,9.62,89.96
14,Manipur,277,Imphal West,24161,16530,477301,517992,4.66,3.19,92.14
14,Manipur,278,Imphal East,27657,15839,412617,456113,6.06,3.47,90.46
14,Manipur,279,Ukhrul,173606,248,10144,183998,94.35,0.13,5.51
14,Manipur,280,Chandel,128280,540,15362,144182,88.97,0.37,10.65
15,Mizoram,281,Mamit,82080,51,4233,86364,95.04,0.06,4.9
15,Mizoram,282,Kolasib,73609,84,10262,83955,87.68,0.1,12.22
15,Mizoram,283,Aizawl,373542,627,26140,400309,93.31,0.16,6.53
15,Mizoram,284,Champhai,123466,17,2262,125745,98.19,0.01,1.8
15,Mizoram,285,Serchhip,62889,32,2016,64937,96.85,0.05,3.1
15,Mizoram,286,Lunglei,153533,178,7717,161428,95.11,0.11,4.78
15,Mizoram,287,Lawngtlai,112354,146,5394,117894,95.3,0.12,4.58
15,Mizoram,288,Saiha,54642,83,1849,56574,96.59,0.15,3.27
16,Tripura,289,West Tripura ,431944,338094,955701,1725739,25.03,19.59,55.38
16,Tripura,290,South Tripura ,344835,140168,390998,876001,39.36,16,44.63
16,Tripura,291,Dhalai,210608,61688,105934,378230,55.68,16.31,28.01
16,Tripura,292,North Tripura,179426,114968,399553,693947,25.86,16.57,57.58
17,Meghalaya,293,West Garo Hills,474009,8810,160472,643291,73.69,1.37,24.95
17,Meghalaya,294,East Garo Hills,305180,509,12228,317917,95.99,0.16,3.85
17,Meghalaya,295,South Garo Hills,134237,319,7778,142334,94.31,0.22,5.46
17,Meghalaya,296,West Khasi Hills,375097,168,8196,383461,97.82,0.04,2.14
17,Meghalaya,297,Ribhoi,230081,590,28169,258840,88.89,0.23,10.88
17,Meghalaya,298,East Khasi Hills,661158,5642,159122,825922,80.05,0.68,19.27
17,Meghalaya,299,Jaintia Hills,376099,1317,17708,395124,95.19,0.33,4.48
18,Assam,300,Kokrajhar,278665,29570,578907,887142,31.41,3.33,65.26
18,Assam,301,Dhubri,6332,70395,1872531,1949258,0.32,3.61,96.06
18,Assam,302,Goalpara,231570,45094,731519,1008183,22.97,4.47,72.56
18,Assam,303,Barpeta,27344,95320,1570958,1693622,1.61,5.63,92.76
18,Assam,304,Morigaon,136777,117841,702805,957423,14.29,12.31,73.41
18,Assam,305,Nagaon,115153,266350,2442265,2823768,4.08,9.43,86.49
18,Assam,306,Sonitpur,232207,109130,1582773,1924110,12.07,5.67,82.26
18,Assam,307,Lakhimpur,249426,81840,710871,1042137,23.93,7.85,68.21
18,Assam,308,Dhemaji,325560,44225,316348,686133,47.45,6.45,46.11
18,Assam,309,Tinsukia,82066,37688,1208175,1327929,6.18,2.84,90.98
18,Assam,310,Dibrugarh,102871,58876,1164588,1326335,7.76,4.44,87.8
18,Assam,311,Sivasagar,49039,42347,1059664,1151050,4.26,3.68,92.06
18,Assam,312,Jorhat,139971,88665,863620,1092256,12.81,8.12,79.07
18,Assam,313,Golaghat,111765,62298,892825,1066888,10.48,5.84,83.68
18,Assam,314,Karbi Anglong,538738,44961,372614,956313,56.33,4.7,38.96
18,Assam,315,Dima Hasao,151843,4337,57922,214102,70.92,2.03,27.05
18,Assam,316,Cachar,17569,264897,1454151,1736617,1.01,15.25,83.73
18,Assam,317,Karimganj,1940,157890,1068856,1228686,0.16,12.85,86.99
18,Assam,318,Hailakandi,691,70659,587946,659296,0.1,10.72,89.18
18,Assam,319,Bongaigaon,18835,82784,637185,738804,2.55,11.21,86.25
18,Assam,320,Chirang,178688,35135,268339,482162,37.06,7.29,55.65
18,Assam,321,Kamrup,182038,107827,1227677,1517542,12,7.11,80.9
18,Assam,322,Kamrup Metropolitan,75121,101789,1077028,1253938,5.99,8.12,85.89
18,Assam,323,Nalbari,23364,60216,688059,771639,3.03,7.8,89.17
18,Assam,324,Baksa,331007,73083,545985,950075,34.84,7.69,57.47
18,Assam,325,Darrang,8419,40260,879821,928500,0.91,4.34,94.76
18,Assam,326,Udalguri,267372,37844,526452,831668,32.15,4.55,63.3
19,West Bengal,327,Darjiling ,397389,317275,1132159,1846823,21.52,17.18,61.3
19,West Bengal,328,Jalpaiguri ,731704,1458278,1682864,3872846,18.89,37.65,43.45
19,West Bengal,329,Koch Bihar ,18125,1414336,1386625,2819086,0.64,50.17,49.19
19,West Bengal,330,Uttar Dinajpur,162816,807950,2036368,3007134,5.41,26.87,67.72
19,West Bengal,331,Dakshin Dinajpur,275366,482754,918156,1676276,16.43,28.8,54.77
19,West Bengal,332,Maldah ,313984,835430,2839431,3988845,7.87,20.94,71.18
19,West Bengal,333,Murshidabad ,91035,897534,6115238,7103807,1.28,12.63,86.08
19,West Bengal,334,Birbhum,242484,1033140,2226780,3502404,6.92,29.5,63.58
19,West Bengal,335,Barddhaman ,489447,2115719,5112397,7717563,6.34,27.41,66.24
19,West Bengal,336,Nadia ,140700,1546917,3479983,5167600,2.72,29.93,67.34
19,West Bengal,337,North Twenty Four Parganas,264597,2169084,7576100,10009781,2.64,21.67,75.69
19,West Bengal,338,Hugli ,229243,1344021,3945881,5519145,4.15,24.35,71.49
19,West Bengal,339,Bankura ,368690,1174447,2053537,3596674,10.25,32.65,57.1
19,West Bengal,340,Puruliya,540652,567767,1821696,2930115,18.45,19.38,62.17
19,West Bengal,341,Haora ,15094,718951,4115984,4850029,0.31,14.82,84.87
19,West Bengal,342,Kolkata,10684,241932,4244078,4496694,0.24,5.38,94.38
19,West Bengal,343,South Twenty Four Parganas,96976,2464032,5600953,8161961,1.19,30.19,68.62
19,West Bengal,344,Paschim Medinipur,880015,1128269,3905173,5913457,14.88,19.08,66.04
19,West Bengal,345,Purba Medinipur,27952,745434,4322489,5095875,0.55,14.63,84.82
20,Jharkhand,346,Garhwa ,205874,319946,796964,1322784,15.56,24.19,60.25
20,Jharkhand,347,Chatra,45563,340553,656770,1042886,4.37,32.65,62.98
20,Jharkhand,348,Kodarma,6903,109003,600353,716259,0.96,15.22,83.82
20,Jharkhand,349,Giridih,238188,325493,1881793,2445474,9.74,13.31,76.95
20,Jharkhand,350,Deoghar,180962,190036,1121075,1492073,12.13,12.74,75.14
20,Jharkhand,351,Godda,279208,115567,918776,1313551,21.26,8.8,69.95
20,Jharkhand,352,Sahibganj,308343,72341,769883,1150567,26.8,6.29,66.91
20,Jharkhand,353,Pakur,379054,28469,492899,900422,42.1,3.16,54.74
20,Jharkhand,354,Dhanbad,233119,437309,2014059,2684487,8.68,16.29,75.03
20,Jharkhand,355,Bokaro,255626,299227,1507477,2062330,12.4,14.51,73.1
20,Jharkhand,356,Lohardaga,262734,15330,183726,461790,56.89,3.32,39.79
20,Jharkhand,357,Purbi Singhbhum,653923,111414,1528582,2293919,28.51,4.86,66.64
20,Jharkhand,358,Palamu,181208,536382,1222279,1939869,9.34,27.65,63.01
20,Jharkhand,359,Latehar,331096,154910,240972,726978,45.54,21.31,33.15
20,Jharkhand,360,Hazaribagh,121768,303515,1309212,1734495,7.02,17.5,75.48
20,Jharkhand,361,Ramgarh,201166,106356,641921,949443,21.19,11.2,67.61
20,Jharkhand,362,Dumka,571077,79614,670751,1321442,43.22,6.02,50.76
20,Jharkhand,363,Jamtara,240489,72885,477668,791042,30.4,9.21,60.38
20,Jharkhand,364,Ranchi,1042016,152943,1719294,2914253,35.76,5.25,59
20,Jharkhand,365,Khunti,389626,24037,118222,531885,73.25,4.52,22.23
20,Jharkhand,366,Gumla,706754,32459,286000,1025213,68.94,3.17,27.9
20,Jharkhand,367,Simdega,424407,44674,130497,599578,70.78,7.45,21.76
20,Jharkhand,368,Pashchimi Singhbhum,1011296,56986,434056,1502338,67.31,3.79,28.89
20,Jharkhand,369,Saraikela-Kharsawan,374642,56195,634219,1065056,35.18,5.28,59.55
21,Odisha,370,Bargarh,281135,298780,901340,1481255,18.98,20.17,60.85
21,Odisha,371,Jharsuguda,176758,104620,298127,579505,30.5,18.05,51.45
21,Odisha,372,Sambalpur,355261,191827,494011,1041099,34.12,18.43,47.45
21,Odisha,373,Debagarh,110400,52112,150008,312520,35.33,16.67,48
21,Odisha,374,Sundargarh,1062349,191660,839428,2093437,50.75,9.16,40.1
21,Odisha,375,Kendujhar,818878,209357,773498,1801733,45.45,11.62,42.93
21,Odisha,376,Mayurbhanj,1479576,184682,855480,2519738,58.72,7.33,33.95
21,Odisha,377,Baleshwar,275678,478586,1566265,2320529,11.88,20.62,67.5
21,Odisha,378,Bhadrak,30428,334896,1141013,1506337,2.02,22.23,75.75
21,Odisha,379,Kendrapara ,9484,309780,1121097,1440361,0.66,21.51,77.83
21,Odisha,380,Jagatsinghapur ,7862,248152,880957,1136971,0.69,21.83,77.48
21,Odisha,381,Cuttack,93745,498633,2032092,2624470,3.57,19,77.43
21,Odisha,382,Jajapur  ,151432,433387,1242373,1827192,8.29,23.72,67.99
21,Odisha,383,Dhenkanal,162056,234079,796676,1192811,13.59,19.62,66.79
21,Odisha,384,Anugul  ,179603,239552,854666,1273821,14.1,18.81,67.09
21,Odisha,385,Nayagarh  ,58691,136399,767699,962789,6.1,14.17,79.74
21,Odisha,386,Khordha ,115051,297472,1839150,2251673,5.11,13.21,81.68
21,Odisha,387,Puri,6129,325133,1367468,1698730,0.36,19.14,80.5
21,Odisha,388,Ganjam,118928,688235,2721868,3529031,3.37,19.5,77.13
21,Odisha,389,Gajapati,313714,39175,224928,577817,54.29,6.78,38.93
21,Odisha,390,Kandhamal,392820,115544,224746,733110,53.58,15.76,30.66
21,Odisha,391,Baudh,55364,104934,280864,441162,12.55,23.79,63.66
21,Odisha,392,Subarnapur,57192,156219,396772,610183,9.37,25.6,65.03
21,Odisha,393,Balangir,347164,294777,1007056,1648997,21.05,17.88,61.07
21,Odisha,394,Nuapada,206327,82159,321896,610382,33.8,13.46,52.74
21,Odisha,395,Kalahandi,449456,286580,840833,1576869,28.5,18.17,53.32
21,Odisha,396,Rayagada  ,541905,139514,286492,967911,55.99,14.41,29.6
21,Odisha,397,Nabarangapur ,681173,177384,362389,1220946,55.79,14.53,29.68
21,Odisha,398,Koraput,697583,196540,485524,1379647,50.56,14.25,35.19
21,Odisha,399,Malkangiri  ,354614,138295,120283,613192,57.83,22.55,19.62
22,Chhattisgarh,400,Koriya,304280,54776,299861,658917,46.18,8.31,45.51
22,Chhattisgarh,401,Surguja,1300628,115652,943606,2359886,55.11,4.9,39.99
22,Chhattisgarh,402,Jashpur ,530378,48844,272447,851669,62.28,5.74,31.99
22,Chhattisgarh,403,Raigarh,505609,224942,763433,1493984,33.84,15.06,51.1
22,Chhattisgarh,404,Korba ,493559,124679,588402,1206640,40.9,10.33,48.76
22,Chhattisgarh,405,Janjgir - Champa,187196,397908,1034603,1619707,11.56,24.57,63.88
22,Chhattisgarh,406,Bilaspur,498469,552992,1612168,2663629,18.71,20.76,60.53
22,Chhattisgarh,407,Kabeerdham,167043,119798,535685,822526,20.31,14.56,65.13
22,Chhattisgarh,408,Rajnandgaon,405194,156623,975316,1537133,26.36,10.19,63.45
22,Chhattisgarh,409,Durg,397416,458040,2488416,3343872,11.88,13.7,74.42
22,Chhattisgarh,410,Raipur,476446,724250,2863176,4063872,11.72,17.82,70.45
22,Chhattisgarh,411,Mahasamund,279896,139581,613277,1032754,27.1,13.52,59.38
22,Chhattisgarh,412,Dhamtari ,207633,58581,533567,799781,25.96,7.32,66.71
22,Chhattisgarh,413,Uttar Bastar Kanker,414770,31543,302628,748941,55.38,4.21,40.41
22,Chhattisgarh,414,Bastar,931780,37963,443456,1413199,65.93,2.69,31.38
22,Chhattisgarh,415,Narayanpur,108161,4979,26680,139820,77.36,3.56,19.08
22,Chhattisgarh,416,Dakshin Bastar Dantewada,410255,12996,110387,533638,76.88,2.44,20.69
22,Chhattisgarh,417,Bijapur,204189,10122,40919,255230,80,3.97,16.03
23,Madhya Pradesh,418,Sheopur ,161448,108391,418022,687861,23.47,15.76,60.77
23,Madhya Pradesh,419,Morena,17030,421519,1527421,1965970,0.87,21.44,77.69
23,Madhya Pradesh,420,Bhind,6131,374799,1322075,1703005,0.36,22.01,77.63
23,Madhya Pradesh,421,Gwalior,72133,393068,1566835,2032036,3.55,19.34,77.11
23,Madhya Pradesh,422,Datia,15061,200270,571423,786754,1.91,25.46,72.63
23,Madhya Pradesh,423,Shivpuri,227802,321515,1176733,1726050,13.2,18.63,68.17
23,Madhya Pradesh,424,Tikamgarh,67857,361604,1015705,1445166,4.7,25.02,70.28
23,Madhya Pradesh,425,Chhatarpur,73597,405313,1283465,1762375,4.18,23,72.83
23,Madhya Pradesh,426,Panna,170879,207990,637651,1016520,16.81,20.46,62.73
23,Madhya Pradesh,427,Sagar,221936,501630,1654892,2378458,9.33,21.09,69.58
23,Madhya Pradesh,428,Damoh,166295,246337,851587,1264219,13.15,19.49,67.36
23,Madhya Pradesh,429,Satna,319975,398569,1510391,2228935,14.36,17.88,67.76
23,Madhya Pradesh,430,Rewa,311985,383508,1669613,2365106,13.19,16.22,70.59
23,Madhya Pradesh,431,Umaria,300687,58147,285924,644758,46.64,9.02,44.35
23,Madhya Pradesh,432,Neemuch ,71441,111162,643464,826067,8.65,13.46,77.89
23,Madhya Pradesh,433,Mandsaur,33092,249024,1058295,1340411,2.47,18.58,78.95
23,Madhya Pradesh,434,Ratlam,409865,198612,846592,1455069,28.17,13.65,58.18
23,Madhya Pradesh,435,Ujjain,48730,523869,1414265,1986864,2.45,26.37,71.18
23,Madhya Pradesh,436,Shajapur,37836,353914,1120931,1512681,2.5,23.4,74.1
23,Madhya Pradesh,437,Dewas,272701,292007,999007,1563715,17.44,18.67,63.89
23,Madhya Pradesh,438,Dhar,1222814,145436,817543,2185793,55.94,6.65,37.4
23,Madhya Pradesh,439,Indore,217679,545239,2513779,3276697,6.64,16.64,76.72
23,Madhya Pradesh,440,Khargone (West Nimar),730169,209091,933786,1873046,38.98,11.16,49.85
23,Madhya Pradesh,441,Barwani ,962145,87991,335745,1385881,69.42,6.35,24.23
23,Madhya Pradesh,442,Rajgarh,53751,295718,1196345,1545814,3.48,19.13,77.39
23,Madhya Pradesh,443,Vidisha,67603,292144,1099128,1458875,4.63,20.03,75.34
23,Madhya Pradesh,444,Bhopal,69429,357516,1944116,2371061,2.93,15.08,81.99
23,Madhya Pradesh,445,Sehore,145512,271281,894539,1311332,11.1,20.69,68.22
23,Madhya Pradesh,446,Raisen,205006,225891,900700,1331597,15.4,16.96,67.64
23,Madhya Pradesh,447,Betul,667018,159296,749048,1575362,42.34,10.11,47.55
23,Madhya Pradesh,448,Harda ,159678,92865,317922,570465,27.99,16.28,55.73
23,Madhya Pradesh,449,Hoshangabad,197300,205007,839043,1241350,15.89,16.51,67.59
23,Madhya Pradesh,450,Katni ,317699,155717,818626,1292042,24.59,12.05,63.36
23,Madhya Pradesh,451,Jabalpur,375231,348029,1740029,2463289,15.23,14.13,70.64
23,Madhya Pradesh,452,Narsimhapur,145879,184155,761820,1091854,13.36,16.87,69.77
23,Madhya Pradesh,453,Dindori ,455789,39782,208953,704524,64.69,5.65,29.66
23,Madhya Pradesh,454,Mandla,610528,48425,395952,1054905,57.88,4.59,37.53
23,Madhya Pradesh,455,Chhindwara,769778,232244,1088900,2090922,36.82,11.11,52.08
23,Madhya Pradesh,456,Seoni,519856,130797,728478,1379131,37.69,9.48,52.82
23,Madhya Pradesh,457,Balaghat,383026,125426,1193246,1701698,22.51,7.37,70.12
23,Madhya Pradesh,458,Guna,190819,193115,857585,1241519,15.37,15.55,69.08
23,Madhya Pradesh,459,Ashoknagar,82072,175764,587235,845071,9.71,20.8,69.49
23,Madhya Pradesh,460,Shahdol,476008,89733,500322,1066063,44.65,8.42,46.93
23,Madhya Pradesh,461,Anuppur,358543,74385,316309,749237,47.85,9.93,42.22
23,Madhya Pradesh,462,Sidhi,313304,130202,683527,1127033,27.8,11.55,60.65
23,Madhya Pradesh,463,Singrauli,383994,150664,643615,1178273,32.59,12.79,54.62
23,Madhya Pradesh,464,Jhabua,891818,17427,115803,1025048,87,1.7,11.3
23,Madhya Pradesh,465,Alirajpur,648638,26877,53484,728999,88.98,3.69,7.34
23,Madhya Pradesh,466,Khandwa (East Nimar),459122,156601,694338,1310061,35.05,11.95,53
23,Madhya Pradesh,467,Burhanpur,230095,64254,463498,757847,30.36,8.48,61.16
24,Gujarat,468,Kachchh,24228,258859,1809284,2092371,1.16,12.37,86.47
24,Gujarat,469,Banas Kantha,284155,327460,2508891,3120506,9.11,10.49,80.4
24,Gujarat,470,Patan  ,13303,123408,1207023,1343734,0.99,9.18,89.83
24,Gujarat,471,Mahesana,9392,162288,1863384,2035064,0.46,7.97,91.56
24,Gujarat,472,Sabar Kantha,542156,187685,1698748,2428589,22.32,7.73,69.95
24,Gujarat,473,Gandhinagar,18204,108608,1264941,1391753,1.31,7.8,90.89
24,Gujarat,474,Ahmadabad,89138,759483,6365604,7214225,1.24,10.53,88.24
24,Gujarat,475,Surendranagar,21453,179461,1555354,1756268,1.22,10.22,88.56
24,Gujarat,476,Rajkot,24017,290169,3490372,3804558,0.63,7.63,91.74
24,Gujarat,477,Jamnagar,24187,173895,1962037,2160119,1.12,8.05,90.83
24,Gujarat,478,Porbandar ,13039,51830,520580,585449,2.23,8.85,88.92
24,Gujarat,479,Junagadh,55571,265793,2421718,2743082,2.03,9.69,88.28
24,Gujarat,480,Amreli,7322,132915,1373953,1514190,0.48,8.78,90.74
24,Gujarat,481,Bhavnagar,9110,157034,2714221,2880365,0.32,5.45,94.23
24,Gujarat,482,Anand  ,24824,104465,1963456,2092745,1.19,4.99,93.82
24,Gujarat,483,Kheda,40336,115631,2143918,2299885,1.75,5.03,93.22
24,Gujarat,484,Panch Mahals,721604,100446,1568726,2390776,30.18,4.2,65.62
24,Gujarat,485,Dohad  ,1580850,41444,504792,2127086,74.32,1.95,23.73
24,Gujarat,486,Vadodara,1149901,221629,2794096,4165626,27.6,5.32,67.08
24,Gujarat,487,Narmada,481392,8733,100172,590297,81.55,1.48,16.97
24,Gujarat,488,Bharuch,488194,62235,1000590,1551019,31.48,4.01,64.51
24,Gujarat,489,The Dangs,216073,992,11226,228291,94.65,0.43,4.92
24,Gujarat,490,Navsari  ,639659,35464,654549,1329672,48.11,2.67,49.23
24,Gujarat,491,Valsad,902794,38237,764647,1705678,52.93,2.24,44.83
24,Gujarat,492,Surat,856952,158115,5066255,6081322,14.09,2.6,83.31
24,Gujarat,493,Tapi,679320,8168,119534,807022,84.18,1.01,14.81
25,Daman & Diu,494,Diu,123,1862,50089,52074,0.24,3.58,96.19
25,Daman & Diu,495,Daman,15240,4262,171671,191173,7.97,2.23,89.8
26,Dadra & Nagar Haveli,496,Dadra & Nagar Haveli,178564,6186,158959,343709,51.95,1.8,46.25
27,Maharashtra,497,Nandurbar,1141933,47985,458377,1648295,69.28,2.91,27.81
27,Maharashtra,498,Dhule,647315,127571,1275976,2050862,31.56,6.22,62.22
27,Maharashtra,499,Jalgaon,604367,389273,3236277,4229917,14.29,9.2,76.51
27,Maharashtra,500,Buldana,124837,470895,1990526,2586258,4.83,18.21,76.97
27,Maharashtra,501,Akola,100280,364059,1349567,1813906,5.53,20.07,74.4
27,Maharashtra,502,Washim,80471,229462,887227,1197160,6.72,19.17,74.11
27,Maharashtra,503,Amravati,404128,506374,1977943,2888445,13.99,17.53,68.48
27,Maharashtra,504,Wardha,149507,188830,962437,1300774,11.49,14.52,73.99
27,Maharashtra,505,Nagpur,437571,867713,3348286,4653570,9.4,18.65,71.95
27,Maharashtra,506,Bhandara,88886,200372,911076,1200334,7.41,16.69,75.9
27,Maharashtra,507,Gondiya,214253,175961,932293,1322507,16.2,13.31,70.49
27,Maharashtra,508,Gadchiroli,415306,120745,536891,1072942,38.71,11.25,50.04
27,Maharashtra,509,Chandrapur,389441,348365,1466501,2204307,17.67,15.8,66.53
27,Maharashtra,510,Yavatmal,514057,328518,1929773,2772348,18.54,11.85,69.61
27,Maharashtra,511,Nanded,281695,640483,2439114,3361292,8.38,19.05,72.56
27,Maharashtra,512,Hingoli,111954,182565,882826,1177345,9.51,15.51,74.98
27,Maharashtra,513,Parbhani,40514,247308,1548264,1836086,2.21,13.47,84.32
27,Maharashtra,514,Jalna,42263,272266,1644517,1959046,2.16,13.9,83.94
27,Maharashtra,515,Aurangabad,143366,539368,3018548,3701282,3.87,14.57,81.55
27,Maharashtra,516,Nashik,1564369,554687,3988131,6107187,25.62,9.08,65.3
27,Maharashtra,517,Thane,1542451,730089,8787608,11060148,13.95,6.6,79.45
27,Maharashtra,518,Mumbai Suburban,104560,583302,8669100,9356962,1.12,6.23,92.65
27,Maharashtra,519,Mumbai,25093,219934,2840384,3085411,0.81,7.13,92.06
27,Maharashtra,520,Raigarh,305125,134952,2194123,2634200,11.58,5.12,83.29
27,Maharashtra,521,Pune,348876,1180703,7899829,9429408,3.7,12.52,83.78
27,Maharashtra,522,Ahmadnagar,378230,573698,3591231,4543159,8.33,12.63,79.05
27,Maharashtra,523,Bid,32722,351254,2201073,2585049,1.27,13.59,85.15
27,Maharashtra,524,Latur,57488,480913,1915795,2454196,2.34,19.6,78.06
27,Maharashtra,525,Osmanabad,36039,265184,1356353,1657576,2.17,16,81.83
27,Maharashtra,526,Solapur,77592,649745,3590419,4317756,1.8,15.05,83.15
27,Maharashtra,527,Satara,29635,323236,2650870,3003741,0.99,10.76,88.25
27,Maharashtra,528,Ratnagiri,20374,66948,1527747,1615069,1.26,4.15,94.59
27,Maharashtra,529,Sindhudurg,6976,55586,787089,849651,0.82,6.54,92.64
27,Maharashtra,530,Kolhapur,30206,504461,3341334,3876001,0.78,13.01,86.21
27,Maharashtra,531,Sangli,18333,353093,2450717,2822143,0.65,12.51,86.84
28,Andhra Pradesh,532,Adilabad,495794,488596,1756849,2741239,18.09,17.82,64.09
28,Andhra Pradesh,533,Nizamabad,192941,371074,1987320,2551335,7.56,14.54,77.89
28,Andhra Pradesh,534,Karimnagar,106745,709757,2959767,3776269,2.83,18.8,78.38
28,Andhra Pradesh,535,Medak,168985,537947,2326356,3033288,5.57,17.73,76.69
28,Andhra Pradesh,536,Hyderabad,48937,247927,3646459,3943323,1.24,6.29,92.47
28,Andhra Pradesh,537,Rangareddy,218757,652042,4425942,5296741,4.13,12.31,83.56
28,Andhra Pradesh,538,Mahbubnagar,364269,708954,2979805,4053028,8.99,17.49,73.52
28,Andhra Pradesh,539,Nalgonda,394279,637385,2457145,3488809,11.3,18.27,70.43
28,Andhra Pradesh,540,Warangal,530656,616102,2365818,3512576,15.11,17.54,67.35
28,Andhra Pradesh,541,Khammam,765565,462896,1568909,2797370,27.37,16.55,56.09
28,Andhra Pradesh,542,Srikakulam,166118,255664,2281332,2703114,6.15,9.46,84.4
28,Andhra Pradesh,543,Vizianagaram,235556,247728,1861190,2344474,10.05,10.57,79.39
28,Andhra Pradesh,544,Visakhapatnam,618500,329486,3342603,4290589,14.42,7.68,77.91
28,Andhra Pradesh,545,East Godavari,213195,945269,3995832,5154296,4.14,18.34,77.52
28,Andhra Pradesh,546,West Godavari,109072,811698,3016196,3936966,2.77,20.62,76.61
28,Andhra Pradesh,547,Krishna,132464,871063,3513871,4517398,2.93,19.28,77.79
28,Andhra Pradesh,548,Guntur,247089,957407,3683317,4887813,5.06,19.59,75.36
28,Andhra Pradesh,549,Prakasam,151145,787861,2458442,3397448,4.45,23.19,72.36
28,Andhra Pradesh,550,Sri Potti Sriramulu Nellore,285997,666588,2010972,2963557,9.65,22.49,67.86
28,Andhra Pradesh,551,Y.S.R.,75886,465794,2340789,2882469,2.63,16.16,81.21
28,Andhra Pradesh,552,Kurnool,82831,737945,3232687,4053463,2.04,18.21,79.75
28,Andhra Pradesh,553,Anantapur,154127,583135,3343886,4081148,3.78,14.29,81.93
28,Andhra Pradesh,554,Chittoor,159165,785760,3229139,4174064,3.81,18.82,77.36
29,Karnataka,555,Belgaum,297198,577418,3905045,4779661,6.22,12.08,81.7
29,Karnataka,556,Bagalkot ,97203,319149,1473400,1889752,5.14,16.89,77.97
29,Karnataka,557,Bijapur,39314,442773,1695244,2177331,1.81,20.34,77.86
29,Karnataka,558,Bidar,235822,399785,1067693,1703300,13.85,23.47,62.68
29,Karnataka,559,Raichur,367071,400933,1160808,1928812,19.03,20.79,60.18
29,Karnataka,560,Koppal,164271,258608,967041,1389920,11.82,18.61,69.58
29,Karnataka,561,Gadag,61654,174196,828720,1064570,5.79,16.36,77.85
29,Karnataka,562,Dharwad,87548,177855,1581620,1847023,4.74,9.63,85.63
29,Karnataka,563,Uttara Kannada,34239,116431,1286499,1437169,2.38,8.1,89.52
29,Karnataka,564,Haveri,141380,219976,1236312,1597668,8.85,13.77,77.38
29,Karnataka,565,Bellary,451406,517409,1483780,2452595,18.41,21.1,60.5
29,Karnataka,566,Chitradurga,302554,389117,967785,1659456,18.23,23.45,58.32
29,Karnataka,567,Davanagere,233112,392595,1319790,1945497,11.98,20.18,67.84
29,Karnataka,568,Shimoga,65412,308158,1379183,1752753,3.73,17.58,78.69
29,Karnataka,569,Udupi,52897,75429,1049035,1177361,4.49,6.41,89.1
29,Karnataka,570,Chikmagalur,44970,253651,839340,1137961,3.95,22.29,73.76
29,Karnataka,571,Tumkur,209559,506901,1962520,2678980,7.82,18.92,73.26
29,Karnataka,572,Bangalore,190239,1198385,8232927,9621551,1.98,12.46,85.57
29,Karnataka,573,Mandya,22402,265294,1518073,1805769,1.24,14.69,84.07
29,Karnataka,574,Hassan,32329,345031,1399061,1776421,1.82,19.42,78.76
29,Karnataka,575,Dakshina Kannada,82268,148178,1859203,2089649,3.94,7.09,88.97
29,Karnataka,576,Kodagu,58054,73584,422881,554519,10.47,13.27,76.26
29,Karnataka,577,Mysore,334547,536643,2129937,3001127,11.15,17.88,70.97
29,Karnataka,578,Chamarajanagar,120219,259445,641127,1020791,11.78,25.42,62.81
29,Karnataka,579,Gulbarga,65259,648782,1852285,2566326,2.54,25.28,72.18
29,Karnataka,580,Yadgir,146849,273315,754107,1174271,12.51,23.28,64.22
29,Karnataka,581,Kolar,78875,465867,991659,1536401,5.13,30.32,64.54
29,Karnataka,582,Chikkaballapura,156487,312565,786052,1255104,12.47,24.9,62.63
29,Karnataka,583,Bangalore Rural,52903,213700,724320,990923,5.34,21.57,73.1
29,Karnataka,584,Ramanagara,22946,203819,855871,1082636,2.12,18.83,79.05
30,Goa,585,North Goa,56606,17606,743796,818008,6.92,2.15,90.93
30,Goa,586,South Goa,92669,7843,540025,640537,14.47,1.22,84.31
31,Lakshadweep,587,Lakshadweep,61120,0,3353,64473,94.8,0,5.2
32,Kerala,588,Kasaragod,48857,53283,1205235,1307375,3.74,4.08,92.19
32,Kerala,589,Kannur,41371,83350,2398282,2523003,1.64,3.3,95.06
32,Kerala,590,Wayanad,151443,32578,633399,817420,18.53,3.99,77.49
32,Kerala,591,Kozhikode,15228,199191,2871874,3086293,0.49,6.45,93.05
32,Kerala,592,Malappuram,22990,308266,3781664,4112920,0.56,7.5,91.95
32,Kerala,593,Palakkad,48972,403833,2357129,2809934,1.74,14.37,83.89
32,Kerala,594,Thrissur,9430,324350,2787420,3121200,0.3,10.39,89.31
32,Kerala,595,Ernakulam,16559,268411,2997418,3282388,0.5,8.18,91.32
32,Kerala,596,Idukki ,55815,145486,907673,1108974,5.03,13.12,81.85
32,Kerala,597,Kottayam,21972,153909,1798670,1974551,1.11,7.79,91.09
32,Kerala,598,Alappuzha,6574,201211,1920004,2127789,0.31,9.46,90.23
32,Kerala,599,Pathanamthitta,8108,164465,1024839,1197412,0.68,13.74,85.59
32,Kerala,600,Kollam,10761,328263,2296351,2635375,0.41,12.46,87.14
32,Kerala,601,Thiruvananthapuram,26759,372977,2901691,3301427,0.81,11.3,87.89
33,Tamil Nadu,602,Thiruvallur,47243,821646,2859215,3728104,1.27,22.04,76.69
33,Tamil Nadu,603,Chennai,10061,779667,3857004,4646732,0.22,16.78,83
33,Tamil Nadu,604,Kancheepuram,41210,948081,3008961,3998252,1.03,23.71,75.26
33,Tamil Nadu,605,Vellore,72955,860212,3003164,3936331,1.85,21.85,76.29
33,Tamil Nadu,606,Tiruvannamalai,90954,565329,1808592,2464875,3.69,22.94,73.37
33,Tamil Nadu,607,Viluppuram,74859,1015716,2368298,3458873,2.16,29.37,68.47
33,Tamil Nadu,608,Salem,119369,580512,2782175,3482056,3.43,16.67,79.9
33,Tamil Nadu,609,Namakkal   ,57059,345392,1324150,1726601,3.3,20,76.69
33,Tamil Nadu,610,Erode,21880,369483,1860381,2251744,0.97,16.41,82.62
33,Tamil Nadu,611,The Nilgiris,32813,235878,466703,735394,4.46,32.08,63.46
33,Tamil Nadu,612,Dindigul,8064,452376,1699335,2159775,0.37,20.95,78.68
33,Tamil Nadu,613,Karur ,575,221385,842533,1064493,0.05,20.8,79.15
33,Tamil Nadu,614,Tiruchirappalli,18198,466561,2237531,2722290,0.67,17.14,82.19
33,Tamil Nadu,615,Perambalur  ,2584,175289,387350,565223,0.46,31.01,68.53
33,Tamil Nadu,616,Ariyalur  ,10722,176230,567942,754894,1.42,23.34,75.23
33,Tamil Nadu,617,Cuddalore,15702,763944,1826268,2605914,0.6,29.32,70.08
33,Tamil Nadu,618,Nagapattinam  ,3756,509767,1102927,1616450,0.23,31.54,68.23
33,Tamil Nadu,619,Thiruvarur,3034,430927,830316,1264277,0.24,34.08,65.68
33,Tamil Nadu,620,Thanjavur,3561,455062,1947267,2405890,0.15,18.91,80.94
33,Tamil Nadu,621,Pudukkottai,1283,284804,1332258,1618345,0.08,17.6,82.32
33,Tamil Nadu,622,Sivaganga,790,227746,1110565,1339101,0.06,17.01,82.93
33,Tamil Nadu,623,Madurai,11096,408976,2618180,3038252,0.37,13.46,86.17
33,Tamil Nadu,624,Theni  ,1835,258200,985864,1245899,0.15,20.72,79.13
33,Tamil Nadu,625,Virudhunagar,2294,399831,1540163,1942288,0.12,20.59,79.3
33,Tamil Nadu,626,Ramanathapuram,1105,249008,1103332,1353445,0.08,18.4,81.52
33,Tamil Nadu,627,Thoothukkudi,4911,347895,1397370,1750176,0.28,19.88,79.84
33,Tamil Nadu,628,Tirunelveli ,10270,569714,2497249,3077233,0.33,18.51,81.15
33,Tamil Nadu,629,Kanniyakumari,7282,74249,1788843,1870374,0.39,3.97,95.64
33,Tamil Nadu,630,Dharmapuri,63044,245392,1198407,1506843,4.18,16.29,79.53
33,Tamil Nadu,631,Krishnagiri,22388,267386,1590035,1879809,1.19,14.22,84.58
33,Tamil Nadu,632,Coimbatore,28342,535911,2893792,3458045,0.82,15.5,83.68
33,Tamil Nadu,633,Tiruppur,5458,395876,2077718,2479052,0.22,15.97,83.81
34,Puducherry,634,Yanam,0,8427,47199,55626,0,15.15,84.85
34,Puducherry,635,Puducherry,0,152406,797883,950289,0,16.04,83.96
34,Puducherry,636,Mahe,0,144,41672,41816,0,0.34,99.66
34,Puducherry,637,Karaikal,0,35348,164874,200222,0,17.65,82.35
35,Andaman & Nicobar Islands,638,Nicobars,23681,0,13161,36842,64.28,0,35.72
35,Andaman & Nicobar Islands,639,North  & Middle Andaman,758,0,104839,105597,0.72,0,99.28
35,Andaman & Nicobar Islands,640,South Andaman,4091,0,234051,238142,1.72,0,98.28
